insert into course(id, name, created_date, last_updated_date, is_deleted) 
values(10001,'JPA in 50 Steps', sysdate(), sysdate() , false);
insert into course(id, name, created_date, last_updated_date, is_deleted) 
values(10002,'Spring in 50 Steps', sysdate(), sysdate() , false);
insert into course(id, name, created_date, last_updated_date, is_deleted) 
values(10003,'Spring Boot in 100 Steps', sysdate(), sysdate() , false);

insert into course(id, name, created_date, last_updated_date, is_deleted) 
values(10004,'Dummy 1', sysdate(), sysdate() , false);

insert into course(id, name, created_date, last_updated_date, is_deleted) 
values(10005,'Dummy 2', sysdate(), sysdate() , false);

insert into course(id, name, created_date, last_updated_date, is_deleted) 
values(10006,'Dummy 3', sysdate(), sysdate() , false);

insert into course(id, name, created_date, last_updated_date, is_deleted) 
values(10007,'Dummy 4', sysdate(), sysdate() , false);

insert into course(id, name, created_date, last_updated_date, is_deleted) 
values(10008,'Dummy 5', sysdate(), sysdate() , false);

insert into course(id, name, created_date, last_updated_date, is_deleted) 
values(10009,'Dummy 6', sysdate(), sysdate() , false);

insert into course(id, name, created_date, last_updated_date, is_deleted) 
values(10010,'Dummy 7', sysdate(), sysdate() , false);

insert into course(id, name, created_date, last_updated_date, is_deleted) 
values(10011,'Dummy 8', sysdate(), sysdate() , false);

insert into course(id, name, created_date, last_updated_date, is_deleted) 
values(10012,'Dummy 9', sysdate(), sysdate() , false);

insert into course(id, name, created_date, last_updated_date, is_deleted) 
values(10013,'Dummy 10', sysdate(), sysdate() , false);

insert into course(id, name, created_date, last_updated_date, is_deleted) 
values(10014,'Dummy 11', sysdate(), sysdate() , false);

insert into course(id, name, created_date, last_updated_date, is_deleted) 
values(10015,'Dummy 12', sysdate(), sysdate() , false);

insert into course(id, name, created_date, last_updated_date, is_deleted) 
values(10016,'Dummy 13', sysdate(), sysdate() , false);

insert into course(id, name, created_date, last_updated_date, is_deleted) 
values(10017,'Dummy 14', sysdate(), sysdate() , false);

insert into course(id, name, created_date, last_updated_date, is_deleted) 
values(10018,'Dummy 15', sysdate(), sysdate() , false);

insert into course(id, name, created_date, last_updated_date, is_deleted) 
values(10019,'Dummy 16', sysdate(), sysdate() , false);

insert into course(id, name, created_date, last_updated_date, is_deleted) 
values(10020,'Dummy 17', sysdate(), sysdate() , false);

insert into course(id, name, created_date, last_updated_date, is_deleted) 
values(10021,'Dummy 18', sysdate(), sysdate() , false);

insert into course(id, name, created_date, last_updated_date, is_deleted) 
values(10022,'Dummy 19', sysdate(), sysdate() , false);

insert into course(id, name, created_date, last_updated_date, is_deleted) 
values(10023,'Dummy 20', sysdate(), sysdate() , false);


insert into passport(id,number)
values(40001,'E123456');
insert into passport(id,number)
values(40002,'N123457');
insert into passport(id,number)
values(40003,'L123890');

insert into student(id,name,passport_id)
values(20001,'Ranga',40001);
insert into student(id,name,passport_id)
values(20002,'Adam',40002);
insert into student(id,name,passport_id)
values(20003,'Jane',40003);

insert into review(id,rating,description,course_id)
values(50001,'FIVE', 'Great Course',10001);
insert into review(id,rating,description,course_id)
values(50002,'FOUR', 'Wonderful Course',10001);
insert into review(id,rating,description,course_id)
values(50003,'FIVE', 'Awesome Course',10003);

insert into student_course(student_id,course_id)
values(20001,10001);
insert into student_course(student_id,course_id)
values(20002,10001);
insert into student_course(student_id,course_id)
values(20003,10001);
insert into student_course(student_id,course_id)
values(20001,10003);
